stage	word	pronounciation	meaning	example sentence
Stage 1	Happen			Did anything exciting happen over the weekend?
Stage 1	Wait			Please wait here until your name is called.
Stage 1	Information			I found some useful information about volcanoes in this book.
Stage 1	Skilled			The skilled carpenter built the bookshelf in just one afternoon.
Stage 1	Vanish			The fog made the buildings vanish from sight.
Stage 1	explosive		Volatile, dangerous	Fireworks are explosive goods and are prohibited to be taken on board an airplane.
Stage 1	Noise			There was a loud noise coming from the garage.
Stage 1	Damage			The heavy rain caused damage to several houses.
Stage 1	Permanent			She got a permanent tattoo of a butterfly on her wrist.
Stage 1	Wednesday			We always have our art class on Wednesday.
Stage 1	incredible		Marvelous, beyond belief	You told an incredible story about outrunning an alligator.
Stage 1	Accelerate			The driver began to accelerate as the traffic light turned green.
Stage 1	Garnish			The chef used lemon slices to garnish the dish.
Stage 1	Fatal			The doctor explained that the disease could be fatal if left untreated.
Stage 1	sufficiently		Enough, adequate	Because the teacher did not sufficiently explain the homework assignment, the students were confused.
Stage 1	Advocate			She continues to advocate for cleaner air and water.
Stage 1	barricade		an improvised barrier erected across a street or other thoroughfare to prevent or delay the movement of opposing forces	
Stage 1	scheme		a plan, design or program of action to be followed	The bank also operates a small unfunded pension scheme.
Stage 1	Appeal			The police made an appeal for witnesses to come forward.
Stage 1	Arrange			Can you arrange the books in alphabetical order?
Stage 1	Fertile			Farmers prefer to grow crops on fertile land.
Stage 1	Chamber			The king held a secret meeting in the royal chamber.
Stage 1	Attempt			She made an attempt to climb the mountain but turned back halfway.
Stage 1	Fortify			They used stone walls to fortify the castle against invaders.
Stage 1	Enrich			Reading can enrich your vocabulary and imagination.
Stage 1	Often			We often visit our grandparents on weekends.
Stage 1	Boredom			He started doodling out of pure boredom during the long lecture.
Stage 1	Adventures			Their summer was full of exciting adventures in the forest.
Stage 1	Dictionary			I looked up the word in the dictionary to check its spelling.
Stage 1	Fitness			Regular exercise is important for your overall fitness.
Stage 1	Euphoria			She felt a wave of euphoria when she got the good news.
Stage 1	Geography			We studied mountains and rivers in geography class today.
Stage 1	Lavatory			He asked the flight attendant where the lavatory was.
Stage 1	Sketchbook			She carried her sketchbook everywhere to capture ideas.
Stage 1	Railway			The railway connects all the major cities in the country.
Stage 1	Potentially			That shortcut is potentially dangerous at night.
Stage 1	League			He joined a local football league to play every weekend.
Stage 1	Condensation			There was condensation on the windows after the storm.
Stage 1	Substitution			The teacher made a substitution because the main player was injured.
Stage 1	Crayon			The child drew a rainbow using every crayon in the box.
Stage 1	Serious			She had a serious expression during the meeting.
Stage 1	Queue		a line	We had to stand in a long queue to buy concert tickets.
Stage 1	Nuance			The actor captured every nuance of the character's personality.
Stage 1	Assignment			Our homework assignment is due next Friday.
Stage 1	Disappear			The magician made the coin disappear in front of our eyes.
Stage 1	Constellation			We spotted the Orion constellation clearly in the night sky.
Stage 1	Entitlement			He felt a sense of entitlement even though he hadn't done the work.
Stage 1	Negotiation			The two countries are still in negotiation over the peace agreement.
Stage 1	Fluctuation			There was a sudden fluctuation in temperature during the afternoon.
Stage 1	Superintendent			The school superintendent visited our class today.
Stage 1	foreigner	fawr-uh-ner	a person not native to or naturalized in the country under consideration; alien	He like the new country he was living in even though he was a foreigner.
Stage 1	Expenditure			The company reduced its monthly expenditure to save money.
Stage 1	Appointment			I have a dentist appointment at 3 p.m. today.
Stage 1	Consolidation			The company's consolidation of its offices saved a lot of space and money.
Stage 1	Environment			We must take care of the environment to protect future generations.
Stage 1	Thou		a thousandth of an inch	The machine can cut metal down to a precision of one thou.
Stage 1	Thought			She paused for a moment, lost in deep thought.
Stage 1	Conglomerate			The multinational conglomerate owns businesses in media, real estate, and food.
Stage 1	Contemptuous			He gave a contemptuous laugh and walked away.
Stage 1	Buoyancy			The life jacket increased her buoyancy in the water.
Stage 1	Bountiful			We had a bountiful harvest this year thanks to the good weather.
Stage 1	Cacophonous			The cafeteria became cacophonous when everyone started talking at once.
Stage 1	Solstice			The summer solstice marks the longest day of the year.
Stage 1	perspective		The relative importance of facts or matters from any special point of view	You should gain a broader perspective on the situation before making a decision.
Stage 1	Nonremitall			The nonremitall of fees led to the cancellation of his registration.
Stage 1	Filibuster			The senator launched a filibuster to block the vote.
Stage 1	Arbitrary			The teacher's decision to cancel the trip felt completely arbitrary.
Stage 1	Demeanor			Her calm demeanor helped settle the nervous crowd.
Stage 1	Hoax			The online video turned out to be a clever hoax.
Stage 1	Coup			The rebels staged a coup and seized control of the government.
Stage 1	Clique		a group of people	She felt excluded by the popular clique at school.
Stage 1	Parallelogram			A rectangle is a type of parallelogram with right angles.
Stage 1	Debacle			The product launch turned into a public relations debacle.
Stage 1	Coagulate			The blood began to coagulate around the wound.
Stage 1	Calligraphy			She practiced calligraphy to improve her handwriting for invitations.
Stage 1	Discrepancy			There was a discrepancy between the two reports that needed to be investigated.
Stage 1	Disenfranchise			New laws threatened to disenfranchise large groups of voters.
Stage 1	Thievery			The museum increased security to prevent any acts of thievery.
Stage 1	Conundrum			Choosing between two good universities was a real conundrum for him.
Stage 1	civilization		an advanced stage of social development; culture, sophistication	Ancient Mesopotamia is widely considered to be the cradle of civilization.
Stage 1	edible		Suitable or safe for eating	The park ranger taught us how to distinguish the edible berries from the poisonous ones.
Stage 2	Ambiguity			The ambiguity in his answer made it hard to tell what he really meant.
Stage 2	Hypothesize			Scientists hypothesize that the planet once had water.
Stage 2	Spontaneous			Their road trip was a spontaneous decision made late at night.
Stage 2	Constituency			The politician promised to serve the needs of her constituency.
Stage 2	Auspicious			The wedding date was chosen for being the most auspicious day of the year.
Stage 2	Extraterrestrial			The movie was about an extraterrestrial life form visiting Earth.
Stage 2	Correspondence			Their correspondence lasted for years through handwritten letters.
Stage 2	Thoroughly			He thoroughly cleaned his room before the guests arrived.
Stage 2	Beneficiary			She was named the sole beneficiary of her grandmother's estate.
Stage 2	Archaeologist			The archaeologist uncovered ancient tools buried under the sand.
Stage 2	Drought			The farmers struggled to grow crops during the severe drought.
Stage 2	Avant-garde			The artist's avant-garde style shocked the traditional art world.
Stage 2	Rehearse			The actors had to rehearse the final scene several times.
Stage 2	Sacrilegious			Some people considered the comedian's joke about religion sacrilegious.
Stage 2	Piscatorial			The village's economy depended on piscatorial activities like fishing and net-making.
Stage 2	Myrrh			Myrrh was one of the gifts brought by the wise men in the nativity story.
Stage 2	Gazetteer		a geographical index	He used the gazetteer to find the coordinates of the ancient city.
Stage 2	Rendezvous			We agreed to rendezvous at the café at noon.
Stage 2	Repugnant			The idea of cheating on a test is repugnant to most students.
Stage 2	Fahrenheit			The temperature outside reached 90 degrees Fahrenheit today.
Stage 2	Tripartite			The treaty was a tripartite agreement between three countries.
Stage 2	Concierge			The concierge helped us book a taxi and dinner reservations.
Stage 2	Heinous			The criminal was convicted of a heinous crime.
Stage 2	Benign			The doctor assured her that the lump was benign and not dangerous.
Stage 2	Gnarled			The old tree had gnarled branches twisted by the wind.
Stage 2	Audacious			His audacious plan to start a business amazed everyone.
Stage 2	Blasphemous			The speech was considered blasphemous by the religious community.
Stage 2	Auxiliary			The hospital has an auxiliary power supply in case of outages.
Stage 2	Conscientious			She is a conscientious worker who always meets deadlines.
Stage 2	Chauffeur			They hired a chauffeur to drive them around the city.
Stage 2	Miscellaneous			The drawer was full of miscellaneous items like keys, pens, and receipts.
Stage 2	Presumptuous			It was presumptuous of him to assume he would get the promotion.
Stage 2	homogeneous		composed of parts or elements that are all of the same kind	The group of marbles is very homogeneous in that it has all blue marbles of the same size.
Stage 2	Extenuating			The judge considered extenuating circumstances before deciding the sentence.
Stage 2	Silhouette			We saw the silhouette of a bird against the sunset.
Stage 2	Clairvoyant			The clairvoyant claimed to predict the future.
Stage 2	Rancorous			Their rancorous argument lasted for hours without resolution.
Stage 2	Inconsequential			The small mistake was inconsequential to the overall project.
Stage 2	Echelon			She quickly rose to the top echelon of the company through hard work.
Stage 2	Charcuterie			We enjoyed a delicious charcuterie board with meats, cheeses, and olives.
Stage 2	Patois			The villagers spoke a unique patois that blended several languages.
Stage 2	Oedipus			The story of Oedipus is a famous Greek tragedy about fate and destiny.
Stage 2	Querulous			The querulous child complained about everything during the trip.
Stage 2	pneumonia	noo-mohn-yuh	inflammation of the lungs with congestion	The doctor said that she had a severe case of pneumonia and had to stay in bed.
Stage 2	metamorphosis		a marked or complete change of character, appearance, condition, etc.	The butterfly kit allows a child to see the complete metamorphosis from larvae to butterfly, both an exciting and wonderful learning experience.
